create table doulas (
	doula_ID SERIAL PRIMARY KEY,
	first_name VARCHAR(50),
	last_name VARCHAR(50),
	email VARCHAR(50),
	password VARCHAR(50),
	certified VARCHAR(50)
);
insert into doulas (doula_ID, first_name, last_name, email, password, certified) values (1, 'Marietta', 'Collomosse', 'mcollomosse0@economist.com', 'kNI7mJm1', false);
insert into doulas (doula_ID, first_name, last_name, email, password, certified) values (2, 'Fionnula', 'Krebs', 'fkrebs1@geocities.com', 'd0XE2CrjSP9', false);
insert into doulas (doula_ID, first_name, last_name, email, password, certified) values (3, 'Elijah', 'Hold', 'ehold2@geocities.com', 'iowkuDodWgt', false);
insert into doulas (doula_ID, first_name, last_name, email, password, certified) values (4, 'Hobart', 'Giddens', 'hgiddens3@freewebs.com', 'Vx9Opk', false);
insert into doulas (doula_ID, first_name, last_name, email, password, certified) values (5, 'Violetta', 'Walch', 'vwalch4@51.la', '3eFdHNlj', false);
insert into doulas (doula_ID, first_name, last_name, email, password, certified) values (6, 'Claudetta', 'Reilly', 'creilly5@intel.com', 'GbK7858sF', true);
insert into doulas (doula_ID, first_name, last_name, email, password, certified) values (7, 'Giana', 'Temperton', 'gtemperton6@mediafire.com', 'B2xY3t', true);
insert into doulas (doula_ID, first_name, last_name, email, password, certified) values (8, 'Layne', 'Meader', 'lmeader7@foxnews.com', 'aWAPXWzoZQc', true);
insert into doulas (doula_ID, first_name, last_name, email, password, certified) values (9, 'Jackie', 'Pitcher', 'jpitcher8@opensource.org', 'VmS8of2', false);
insert into doulas (doula_ID, first_name, last_name, email, password, certified) values (10, 'Luce', 'Speight', 'lspeight9@dmoz.org', 'BZbnavVCfvNB', false);
insert into doulas (doula_ID, first_name, last_name, email, password, certified) values (11, 'Rafaello', 'Van Arsdall', 'rvanarsdalla@ucoz.com', 'SpIMTvDp8', true);
insert into doulas (doula_ID, first_name, last_name, email, password, certified) values (12, 'Joyous', 'Dominy', 'jdominyb@japanpost.jp', 'FlJNcYfuv', false);
insert into doulas (doula_ID, first_name, last_name, email, password, certified) values (13, 'Colver', 'Dudgeon', 'cdudgeonc@admin.ch', 'cUd34cES', true);
insert into doulas (doula_ID, first_name, last_name, email, password, certified) values (14, 'Julissa', 'Edwins', 'jedwinsd@ibm.com', 'Cy1Dd0yN', false);
insert into doulas (doula_ID, first_name, last_name, email, password, certified) values (15, 'Tadd', 'Grisbrook', 'tgrisbrooke@pagesperso-orange.fr', 'oCeuSR1uw', false);
insert into doulas (doula_ID, first_name, last_name, email, password, certified) values (16, 'Kayley', 'Webb', 'kwebbf@guardian.co.uk', 'iDR3Q6Jsr', true);
insert into doulas (doula_ID, first_name, last_name, email, password, certified) values (17, 'Roshelle', 'Pickett', 'rpickettg@cdc.gov', 'ptZjWOv', true);
insert into doulas (doula_ID, first_name, last_name, email, password, certified) values (18, 'Rriocard', 'Huntly', 'rhuntlyh@geocities.com', 'Gu2bVQa', true);
insert into doulas (doula_ID, first_name, last_name, email, password, certified) values (19, 'Timmi', 'Wyett', 'twyetti@cmu.edu', 'NWwPd0S3', true);
insert into doulas (doula_ID, first_name, last_name, email, password, certified) values (20, 'Christabel', 'Stout', 'cstoutj@walmart.com', 'KWkwy3wWO7', true);
insert into doulas (doula_ID, first_name, last_name, email, password, certified) values (21, 'Parrnell', 'Doubrava', 'pdoubravak@plala.or.jp', 'cHvAywE', false);
insert into doulas (doula_ID, first_name, last_name, email, password, certified) values (22, 'Marketa', 'Geleman', 'mgelemanl@marketwatch.com', 'NObsKkdcK', true);
insert into doulas (doula_ID, first_name, last_name, email, password, certified) values (23, 'Bailie', 'Crutchley', 'bcrutchleym@hugedomains.com', 'xZYCLNnDskn', true);
insert into doulas (doula_ID, first_name, last_name, email, password, certified) values (24, 'Candi', 'Ferretti', 'cferrettin@naver.com', 'iaNYFx3v', true);
insert into doulas (doula_ID, first_name, last_name, email, password, certified) values (25, 'Tandi', 'Pear', 'tpearo@networkadvertising.org', 'kUMJuHBt', false);
insert into doulas (doula_ID, first_name, last_name, email, password, certified) values (26, 'Barbaraanne', 'Ortiga', 'bortigap@tuttocitta.it', 'HGEQ1zxepsm', true);
insert into doulas (doula_ID, first_name, last_name, email, password, certified) values (27, 'Daniela', 'Mullin', 'dmullinq@reference.com', 'ibmx5pRMG', false);
insert into doulas (doula_ID, first_name, last_name, email, password, certified) values (28, 'Gale', 'Mixhel', 'gmixhelr@npr.org', 'TTKuv5', true);
insert into doulas (doula_ID, first_name, last_name, email, password, certified) values (29, 'Osborn', 'Nellis', 'onelliss@smh.com.au', 'md41gsbCa2f', true);
insert into doulas (doula_ID, first_name, last_name, email, password, certified) values (30, 'Stefa', 'Steffan', 'ssteffant@nhs.uk', 'NLXnaH', false);
insert into doulas (doula_ID, first_name, last_name, email, password, certified) values (31, 'Jacquetta', 'Gaddas', 'jgaddasu@usgs.gov', '7oEjAX9bdzU', false);
insert into doulas (doula_ID, first_name, last_name, email, password, certified) values (32, 'Sheena', 'Parker', 'sparkerv@adobe.com', 'JZrlOvpaZB6X', false);
insert into doulas (doula_ID, first_name, last_name, email, password, certified) values (33, 'Romain', 'Verdon', 'rverdonw@apple.com', 'TBhlqYQ', false);
insert into doulas (doula_ID, first_name, last_name, email, password, certified) values (34, 'Tuck', 'Cacacie', 'tcacaciex@com.com', 'vYJrn2HSoGd', true);
insert into doulas (doula_ID, first_name, last_name, email, password, certified) values (35, 'Kelwin', 'Gillibrand', 'kgillibrandy@mac.com', 'cOZfDZQ', true);
insert into doulas (doula_ID, first_name, last_name, email, password, certified) values (36, 'Janella', 'Marney', 'jmarneyz@topsy.com', 'HX2Q1j', false);
insert into doulas (doula_ID, first_name, last_name, email, password, certified) values (37, 'Darbee', 'Victoria', 'dvictoria10@illinois.edu', 'IsVcZqZw4mh', true);
insert into doulas (doula_ID, first_name, last_name, email, password, certified) values (38, 'Birch', 'Zahor', 'bzahor11@nbcnews.com', 'wmjCCPF', false);
insert into doulas (doula_ID, first_name, last_name, email, password, certified) values (39, 'Mattie', 'Limpertz', 'mlimpertz12@prweb.com', 'qs3vXT66ybwB', true);
insert into doulas (doula_ID, first_name, last_name, email, password, certified) values (40, 'Alden', 'Vynarde', 'avynarde13@so-net.ne.jp', 'DNhbOR0', false);
insert into doulas (doula_ID, first_name, last_name, email, password, certified) values (41, 'Elia', 'Draper', 'edraper14@epa.gov', 'Fa2OOXMNv', true);
insert into doulas (doula_ID, first_name, last_name, email, password, certified) values (42, 'Rickey', 'Bilbrey', 'rbilbrey15@baidu.com', '9qz89PiAg', true);
insert into doulas (doula_ID, first_name, last_name, email, password, certified) values (43, 'Ardyce', 'Stanistreet', 'astanistreet16@scientificamerican.com', 'xJxixnTaNWY7', false);
insert into doulas (doula_ID, first_name, last_name, email, password, certified) values (44, 'Kirby', 'Durtnell', 'kdurtnell17@craigslist.org', '8SKEClZOL', true);
insert into doulas (doula_ID, first_name, last_name, email, password, certified) values (45, 'Ardella', 'Dripp', 'adripp18@webeden.co.uk', 'SDpnhq0ek3', true);
insert into doulas (doula_ID, first_name, last_name, email, password, certified) values (46, 'Lurlene', 'Rigby', 'lrigby19@phoca.cz', '94Wa3Z5', true);
insert into doulas (doula_ID, first_name, last_name, email, password, certified) values (47, 'Mischa', 'Belhomme', 'mbelhomme1a@comcast.net', 'kcnMvP', false);
insert into doulas (doula_ID, first_name, last_name, email, password, certified) values (48, 'Addy', 'Binnion', 'abinnion1b@webnode.com', 'MpPQs2SlI', false);
insert into doulas (doula_ID, first_name, last_name, email, password, certified) values (49, 'Janeta', 'Gavagan', 'jgavagan1c@spotify.com', 'PiOjske', false);
insert into doulas (doula_ID, first_name, last_name, email, password, certified) values (50, 'Cherey', 'Hamill', 'chamill1d@noaa.gov', 'WWj7tXdn71', true);
insert into doulas (doula_ID, first_name, last_name, email, password, certified) values (51, 'Barnabas', 'Sperski', 'bsperski1e@wikispaces.com', 'mNvNBCPOK', false);
insert into doulas (doula_ID, first_name, last_name, email, password, certified) values (52, 'Emilie', 'Cartner', 'ecartner1f@facebook.com', 'WkMhhLW0', false);
insert into doulas (doula_ID, first_name, last_name, email, password, certified) values (53, 'Vally', 'Banbrigge', 'vbanbrigge1g@businessweek.com', 'xdvxnY', false);
insert into doulas (doula_ID, first_name, last_name, email, password, certified) values (54, 'Coralie', 'Duddell', 'cduddell1h@mapquest.com', 'pXfnCcQ', false);
insert into doulas (doula_ID, first_name, last_name, email, password, certified) values (55, 'Norbie', 'Iacovo', 'niacovo1i@oakley.com', 'fq20Xm8zgN', true);
insert into doulas (doula_ID, first_name, last_name, email, password, certified) values (56, 'Correna', 'Abrehart', 'cabrehart1j@ebay.com', 'nCDXyMMout', true);
insert into doulas (doula_ID, first_name, last_name, email, password, certified) values (57, 'Farlie', 'Bradtke', 'fbradtke1k@arstechnica.com', 'NI5CBeiYWQ', false);
insert into doulas (doula_ID, first_name, last_name, email, password, certified) values (58, 'Danna', 'Folland', 'dfolland1l@vk.com', 'WDeHctEM', false);
insert into doulas (doula_ID, first_name, last_name, email, password, certified) values (59, 'Rogerio', 'Bithell', 'rbithell1m@smugmug.com', 'CsKjB5WOdE', true);
insert into doulas (doula_ID, first_name, last_name, email, password, certified) values (60, 'Alana', 'Ida', 'aida1n@walmart.com', 'g2hAfntSmNFv', false);
insert into doulas (doula_ID, first_name, last_name, email, password, certified) values (61, 'Sheppard', 'Sheryne', 'ssheryne1o@hexun.com', 'TVrRuEeJX', true);
insert into doulas (doula_ID, first_name, last_name, email, password, certified) values (62, 'Brockie', 'Richter', 'brichter1p@jugem.jp', '8Od6TYtu', true);
insert into doulas (doula_ID, first_name, last_name, email, password, certified) values (63, 'Hayyim', 'Colston', 'hcolston1q@nbcnews.com', 'qs7XLE', false);
insert into doulas (doula_ID, first_name, last_name, email, password, certified) values (64, 'Aurel', 'Itzkovitch', 'aitzkovitch1r@dyndns.org', '5TwWvKH', true);
insert into doulas (doula_ID, first_name, last_name, email, password, certified) values (65, 'Donelle', 'Morde', 'dmorde1s@opensource.org', 'QgS5uzN4Pjn', true);
insert into doulas (doula_ID, first_name, last_name, email, password, certified) values (66, 'Brandea', 'Cawkwell', 'bcawkwell1t@hud.gov', 'qRv9XtjAgyq', true);
insert into doulas (doula_ID, first_name, last_name, email, password, certified) values (67, 'Odelle', 'Rennles', 'orennles1u@webs.com', 'pvQn9q', false);
insert into doulas (doula_ID, first_name, last_name, email, password, certified) values (68, 'Ibbie', 'Molan', 'imolan1v@opera.com', 'dp71pPY', true);
insert into doulas (doula_ID, first_name, last_name, email, password, certified) values (69, 'Boyce', 'Hiers', 'bhiers1w@chronoengine.com', 'piwRWKAr', false);
insert into doulas (doula_ID, first_name, last_name, email, password, certified) values (70, 'Maisie', 'Weekes', 'mweekes1x@bing.com', 'JPYseIV', false);
insert into doulas (doula_ID, first_name, last_name, email, password, certified) values (71, 'Alejoa', 'Iashvili', 'aiashvili1y@google.de', 'Olr21B0M', false);
insert into doulas (doula_ID, first_name, last_name, email, password, certified) values (72, 'Corey', 'Aikin', 'caikin1z@clickbank.net', 'akpS7L57m0zY', false);
insert into doulas (doula_ID, first_name, last_name, email, password, certified) values (73, 'Eartha', 'Cicccitti', 'ecicccitti20@mit.edu', 'LohAQTKeK', true);
insert into doulas (doula_ID, first_name, last_name, email, password, certified) values (74, 'Mathew', 'Ciccottio', 'mciccottio21@amazon.co.uk', 'jAf1IL', true);
insert into doulas (doula_ID, first_name, last_name, email, password, certified) values (75, 'Alysia', 'Wild', 'awild22@amazon.co.jp', '7eqR5yr97', false);
insert into doulas (doula_ID, first_name, last_name, email, password, certified) values (76, 'Carter', 'Fosken', 'cfosken23@pen.io', 'imqG7LfcWga', true);
insert into doulas (doula_ID, first_name, last_name, email, password, certified) values (77, 'Conny', 'Teck', 'cteck24@loc.gov', 'uPaD7R', false);
insert into doulas (doula_ID, first_name, last_name, email, password, certified) values (78, 'Dallon', 'Houseman', 'dhouseman25@uol.com.br', 'EdQsGzvsszn', false);
insert into doulas (doula_ID, first_name, last_name, email, password, certified) values (79, 'Christie', 'Powis', 'cpowis26@issuu.com', 'HfvSwfvGRkxN', true);
insert into doulas (doula_ID, first_name, last_name, email, password, certified) values (80, 'Betsey', 'Roggero', 'broggero27@noaa.gov', '88vu2sTVez', true);
insert into doulas (doula_ID, first_name, last_name, email, password, certified) values (81, 'Gene', 'Clerk', 'gclerk28@hud.gov', 'F6r8ij3', true);
insert into doulas (doula_ID, first_name, last_name, email, password, certified) values (82, 'Staffard', 'Nann', 'snann29@weibo.com', 'ln2GyN', true);
insert into doulas (doula_ID, first_name, last_name, email, password, certified) values (83, 'Wylie', 'Pittel', 'wpittel2a@biglobe.ne.jp', 'SMmS3A', false);
insert into doulas (doula_ID, first_name, last_name, email, password, certified) values (84, 'Brand', 'Pifford', 'bpifford2b@gizmodo.com', '6MZvEszySuFj', true);
insert into doulas (doula_ID, first_name, last_name, email, password, certified) values (85, 'Berke', 'Sutherington', 'bsutherington2c@mapy.cz', 'E34BoIOI', false);
insert into doulas (doula_ID, first_name, last_name, email, password, certified) values (86, 'Lucia', 'Goney', 'lgoney2d@house.gov', '8P8ExXlDZ', false);
insert into doulas (doula_ID, first_name, last_name, email, password, certified) values (87, 'Cullin', 'Sunderland', 'csunderland2e@t-online.de', 'cCwpu0W', true);
insert into doulas (doula_ID, first_name, last_name, email, password, certified) values (88, 'Babbie', 'Males', 'bmales2f@google.nl', 'Ea0cvsQ5Jl', false);
insert into doulas (doula_ID, first_name, last_name, email, password, certified) values (89, 'Krista', 'Pankethman', 'kpankethman2g@ovh.net', 'Il5hWiQv', true);
insert into doulas (doula_ID, first_name, last_name, email, password, certified) values (90, 'Leonardo', 'Rohlfs', 'lrohlfs2h@amazonaws.com', '1fduqmMD6P', true);
insert into doulas (doula_ID, first_name, last_name, email, password, certified) values (91, 'Elayne', 'Harvey', 'eharvey2i@pcworld.com', 'CwYo48', true);
insert into doulas (doula_ID, first_name, last_name, email, password, certified) values (92, 'Star', 'Wyleman', 'swyleman2j@cnbc.com', 'wLF2PJfTv', false);
insert into doulas (doula_ID, first_name, last_name, email, password, certified) values (93, 'Dulsea', 'Pidwell', 'dpidwell2k@fda.gov', 'HqvjsOKD', false);
insert into doulas (doula_ID, first_name, last_name, email, password, certified) values (94, 'Antonia', 'Tukely', 'atukely2l@furl.net', 'TTPQC1VVc938', true);
insert into doulas (doula_ID, first_name, last_name, email, password, certified) values (95, 'Elysee', 'Hartshorn', 'ehartshorn2m@usda.gov', 'F3wXSYs', true);
insert into doulas (doula_ID, first_name, last_name, email, password, certified) values (96, 'Junette', 'Gravener', 'jgravener2n@businesswire.com', 'hVgxslsc', true);
insert into doulas (doula_ID, first_name, last_name, email, password, certified) values (97, 'Gabriella', 'Purnell', 'gpurnell2o@bizjournals.com', '8nzg91', true);
insert into doulas (doula_ID, first_name, last_name, email, password, certified) values (98, 'Maynord', 'Chaikovski', 'mchaikovski2p@diigo.com', 'BnbZHF', true);
insert into doulas (doula_ID, first_name, last_name, email, password, certified) values (99, 'Homer', 'Finch', 'hfinch2q@google.pl', 'OlL4ce', false);
insert into doulas (doula_ID, first_name, last_name, email, password, certified) values (100, 'Emilie', 'Iacovielli', 'eiacovielli2r@php.net', 'rsHnKw35dvb1', true);



create table parents (
	parent_id SERIAL PRIMARY KEY,
	first_name VARCHAR(50),
	last_name VARCHAR(50),
	email VARCHAR(50),
	password VARCHAR(50)
);
insert into parents (parent_id, first_name, last_name, email, password) values (1, 'Dev', 'Gossling', 'dgossling0@paginegialle.it', 'PayudmL53U');
insert into parents (parent_id, first_name, last_name, email, password) values (2, 'Alister', 'Joskowitz', 'ajoskowitz1@hatena.ne.jp', '7jjpJECOxL9');
insert into parents (parent_id, first_name, last_name, email, password) values (3, 'Christine', 'Wellstead', 'cwellstead2@jigsy.com', 'k0QEzZ35i8tB');
insert into parents (parent_id, first_name, last_name, email, password) values (4, 'Holly', 'Gamett', 'hgamett3@globo.com', 'Gd6qBWKp');
insert into parents (parent_id, first_name, last_name, email, password) values (5, 'Derek', 'Benoix', 'dbenoix4@blogger.com', 'j7XUSg');
insert into parents (parent_id, first_name, last_name, email, password) values (6, 'Taddeusz', 'Fosher', 'tfosher5@constantcontact.com', 'Nt7IaIDPQ4w');
insert into parents (parent_id, first_name, last_name, email, password) values (7, 'Rutherford', 'Pavis', 'rpavis6@eepurl.com', 'G0YCXJM');
insert into parents (parent_id, first_name, last_name, email, password) values (8, 'Borg', 'Prosh', 'bprosh7@techcrunch.com', 'cYaimx');
insert into parents (parent_id, first_name, last_name, email, password) values (9, 'Virgilio', 'Panketh', 'vpanketh8@delicious.com', '13XDTphjwft');
insert into parents (parent_id, first_name, last_name, email, password) values (10, 'Lock', 'Rizzardo', 'lrizzardo9@delicious.com', 'LadG9hfq');
insert into parents (parent_id, first_name, last_name, email, password) values (11, 'Aleta', 'O''Scandall', 'aoscandalla@behance.net', 'qs4h3Dq');
insert into parents (parent_id, first_name, last_name, email, password) values (12, 'Frans', 'Woollcott', 'fwoollcottb@hatena.ne.jp', 'MKYcL93R8oc');
insert into parents (parent_id, first_name, last_name, email, password) values (13, 'Charin', 'Pocklington', 'cpocklingtonc@slideshare.net', 'DrsmnbVdWKT');
insert into parents (parent_id, first_name, last_name, email, password) values (14, 'Jocelyn', 'Riches', 'jrichesd@shinystat.com', 'EFh62y');
insert into parents (parent_id, first_name, last_name, email, password) values (15, 'Edythe', 'Lakeman', 'elakemane@blinklist.com', 'Omkji0Dn');
insert into parents (parent_id, first_name, last_name, email, password) values (16, 'Vidovik', 'Mullineux', 'vmullineuxf@squidoo.com', 'WSm7AE');
insert into parents (parent_id, first_name, last_name, email, password) values (17, 'Richard', 'A''Barrow', 'rabarrowg@reuters.com', 'rPQtKSZ');
insert into parents (parent_id, first_name, last_name, email, password) values (18, 'Bay', 'Willshire', 'bwillshireh@opensource.org', 'tTQfNQ7');
insert into parents (parent_id, first_name, last_name, email, password) values (19, 'Daven', 'Jiruch', 'djiruchi@thetimes.co.uk', 'xKamxyXbRlt');
insert into parents (parent_id, first_name, last_name, email, password) values (20, 'Aridatha', 'Ackland', 'aacklandj@merriam-webster.com', 'Xg7WbVg');
insert into parents (parent_id, first_name, last_name, email, password) values (21, 'Torey', 'Scottini', 'tscottinik@livejournal.com', 'ooQxmcMV');
insert into parents (parent_id, first_name, last_name, email, password) values (22, 'Neda', 'Matokhnin', 'nmatokhninl@buzzfeed.com', 'N4wBh2zLVVjp');
insert into parents (parent_id, first_name, last_name, email, password) values (23, 'Demetra', 'De la Eglise', 'ddelaeglisem@opensource.org', 'JAqYoHmBwBp2');
insert into parents (parent_id, first_name, last_name, email, password) values (24, 'Adair', 'Atkirk', 'aatkirkn@4shared.com', 'oPi8FG');
insert into parents (parent_id, first_name, last_name, email, password) values (25, 'Ilysa', 'Cheal', 'ichealo@comcast.net', 'qUL6pA3');
insert into parents (parent_id, first_name, last_name, email, password) values (26, 'Steffen', 'Storer', 'sstorerp@ftc.gov', '63MIaYG');
insert into parents (parent_id, first_name, last_name, email, password) values (27, 'Priscella', 'Kingham', 'pkinghamq@merriam-webster.com', 'y3jfM4Vu0otT');
insert into parents (parent_id, first_name, last_name, email, password) values (28, 'Karlik', 'Sprowles', 'ksprowlesr@home.pl', '86UwHIh8VBH');
insert into parents (parent_id, first_name, last_name, email, password) values (29, 'Tandi', 'Chatres', 'tchatress@economist.com', 'RTOVHK9');
insert into parents (parent_id, first_name, last_name, email, password) values (30, 'Clarey', 'Coleridge', 'ccoleridget@sciencedaily.com', 'IVAaPLZqG');
insert into parents (parent_id, first_name, last_name, email, password) values (31, 'Mala', 'Sallarie', 'msallarieu@yolasite.com', 'sQwJQGNLFLwj');
insert into parents (parent_id, first_name, last_name, email, password) values (32, 'Abbie', 'MacDiarmid', 'amacdiarmidv@chron.com', 'slhjf9JetaSd');
insert into parents (parent_id, first_name, last_name, email, password) values (33, 'Fletcher', 'Merring', 'fmerringw@squidoo.com', 'cVUSNzTfV');
insert into parents (parent_id, first_name, last_name, email, password) values (34, 'Almeria', 'Pawlicki', 'apawlickix@sohu.com', 'Q3wKnVCBPZU4');
insert into parents (parent_id, first_name, last_name, email, password) values (35, 'Basilio', 'Sterling', 'bsterlingy@mysql.com', 'Z4lEyX');
insert into parents (parent_id, first_name, last_name, email, password) values (36, 'Gasper', 'Fields', 'gfieldsz@washingtonpost.com', 'uijpkb1cdS');
insert into parents (parent_id, first_name, last_name, email, password) values (37, 'Grantley', 'Pittle', 'gpittle10@java.com', 'LLj2QiY');
insert into parents (parent_id, first_name, last_name, email, password) values (38, 'Danella', 'Reinhart', 'dreinhart11@yandex.ru', '4nFQdUg');
insert into parents (parent_id, first_name, last_name, email, password) values (39, 'Stephen', 'Iacobacci', 'siacobacci12@nydailynews.com', 'eG1wU7SQ1TO');
insert into parents (parent_id, first_name, last_name, email, password) values (40, 'Raeann', 'Thorwarth', 'rthorwarth13@senate.gov', 'EFVWgKnbmw');
insert into parents (parent_id, first_name, last_name, email, password) values (41, 'Aylmar', 'De Beneditti', 'adebeneditti14@blogspot.com', 'txIZ0CXgK');
insert into parents (parent_id, first_name, last_name, email, password) values (42, 'Cary', 'Pregel', 'cpregel15@dailymotion.com', 'NVbSzXO7gflb');
insert into parents (parent_id, first_name, last_name, email, password) values (43, 'Daloris', 'Callear', 'dcallear16@disqus.com', 'ZPKDA2miP');
insert into parents (parent_id, first_name, last_name, email, password) values (44, 'Celine', 'Cassie', 'ccassie17@google.com', 'EK2nTUL');
insert into parents (parent_id, first_name, last_name, email, password) values (45, 'Reynard', 'Walaron', 'rwalaron18@shinystat.com', 'TiKIbPxr');
insert into parents (parent_id, first_name, last_name, email, password) values (46, 'Codee', 'Serjeantson', 'cserjeantson19@pcworld.com', 'HHqWppOieb');
insert into parents (parent_id, first_name, last_name, email, password) values (47, 'Glynis', 'Whithalgh', 'gwhithalgh1a@skype.com', 'GoB1e1AD');
insert into parents (parent_id, first_name, last_name, email, password) values (48, 'Vittoria', 'Yeude', 'vyeude1b@indiegogo.com', '8CxC9Zofa');
insert into parents (parent_id, first_name, last_name, email, password) values (49, 'Jard', 'Cabel', 'jcabel1c@adobe.com', 'yRLB1p2gVgeH');
insert into parents (parent_id, first_name, last_name, email, password) values (50, 'Inna', 'Rylands', 'irylands1d@adobe.com', 'Lmd0mDEAO');
insert into parents (parent_id, first_name, last_name, email, password) values (51, 'Von', 'Mourgue', 'vmourgue1e@cisco.com', '0KmphjmI');
insert into parents (parent_id, first_name, last_name, email, password) values (52, 'Aili', 'Paull', 'apaull1f@hibu.com', 'HxKyOBIY');
insert into parents (parent_id, first_name, last_name, email, password) values (53, 'Lorry', 'Nealy', 'lnealy1g@opensource.org', 'dJLn4LuTF3BO');
insert into parents (parent_id, first_name, last_name, email, password) values (54, 'Tish', 'Leyban', 'tleyban1h@cnbc.com', 'iRiRlkhpxH5');
insert into parents (parent_id, first_name, last_name, email, password) values (55, 'Vassili', 'Daws', 'vdaws1i@comsenz.com', '1DRebi');
insert into parents (parent_id, first_name, last_name, email, password) values (56, 'Sammy', 'Holton', 'sholton1j@blinklist.com', '6HocHt');
insert into parents (parent_id, first_name, last_name, email, password) values (57, 'Neille', 'Mainstone', 'nmainstone1k@scientificamerican.com', 'QY3oI1wN6');
insert into parents (parent_id, first_name, last_name, email, password) values (58, 'Dunn', 'Halesworth', 'dhalesworth1l@google.de', 'vScyVKVxu8W');
insert into parents (parent_id, first_name, last_name, email, password) values (59, 'Warner', 'Gouly', 'wgouly1m@friendfeed.com', 'G5nibmoA');
insert into parents (parent_id, first_name, last_name, email, password) values (60, 'Giff', 'Hibbart', 'ghibbart1n@netlog.com', 'CcgT4mh2Fs');
insert into parents (parent_id, first_name, last_name, email, password) values (61, 'Weider', 'Hiddersley', 'whiddersley1o@taobao.com', 'RaMG5D');
insert into parents (parent_id, first_name, last_name, email, password) values (62, 'Emilee', 'Verlinde', 'everlinde1p@quantcast.com', 'Rh5ohEXm');
insert into parents (parent_id, first_name, last_name, email, password) values (63, 'Sayer', 'Dicke', 'sdicke1q@cnbc.com', 'KmZBcmC');
insert into parents (parent_id, first_name, last_name, email, password) values (64, 'Annalee', 'Clue', 'aclue1r@bluehost.com', 'p54jyM');
insert into parents (parent_id, first_name, last_name, email, password) values (65, 'Alissa', 'Womack', 'awomack1s@chronoengine.com', 'znBCjetiKUJ');
insert into parents (parent_id, first_name, last_name, email, password) values (66, 'Emlynne', 'Pentland', 'epentland1t@diigo.com', 'zLoylpLI');
insert into parents (parent_id, first_name, last_name, email, password) values (67, 'Ivett', 'Girardez', 'igirardez1u@amazon.de', 'Fc2s4b');
insert into parents (parent_id, first_name, last_name, email, password) values (68, 'Gabi', 'Valder', 'gvalder1v@redcross.org', 'V6mfMoabiW6S');
insert into parents (parent_id, first_name, last_name, email, password) values (69, 'Rolando', 'Maguire', 'rmaguire1w@dyndns.org', 'cw7kO7FHD');
insert into parents (parent_id, first_name, last_name, email, password) values (70, 'Antoine', 'Shafe', 'ashafe1x@netvibes.com', 'W0pXSn8xJ4');
insert into parents (parent_id, first_name, last_name, email, password) values (71, 'Isidor', 'Mahood', 'imahood1y@topsy.com', 'gpeo9oSHIRf');
insert into parents (parent_id, first_name, last_name, email, password) values (72, 'Gwendolen', 'Dallicoat', 'gdallicoat1z@answers.com', '4GbNnztCyqvE');
insert into parents (parent_id, first_name, last_name, email, password) values (73, 'Hatti', 'Johnsson', 'hjohnsson20@sbwire.com', '6SMt1pCY4G');
insert into parents (parent_id, first_name, last_name, email, password) values (74, 'Karilynn', 'Kem', 'kkem21@webeden.co.uk', 'vt4FvZf43m');
insert into parents (parent_id, first_name, last_name, email, password) values (75, 'Isadore', 'Stickel', 'istickel22@odnoklassniki.ru', 'nkL7noe1');
insert into parents (parent_id, first_name, last_name, email, password) values (76, 'Anastasia', 'Graeme', 'agraeme23@woothemes.com', 'GyqT1WYSeDJ');
insert into parents (parent_id, first_name, last_name, email, password) values (77, 'Bryce', 'Snazle', 'bsnazle24@twitter.com', 'ovysf3G3CZrJ');
insert into parents (parent_id, first_name, last_name, email, password) values (78, 'Sancho', 'Cholomin', 'scholomin25@163.com', 'zAlhksjMOfS');
insert into parents (parent_id, first_name, last_name, email, password) values (79, 'Nikolaus', 'Pickavance', 'npickavance26@drupal.org', 'Ohb6PMr');
insert into parents (parent_id, first_name, last_name, email, password) values (80, 'Ingrid', 'Geaney', 'igeaney27@unicef.org', '6kuw9Gl');
insert into parents (parent_id, first_name, last_name, email, password) values (81, 'Eliza', 'Pendrigh', 'ependrigh28@devhub.com', 'CcYkNkUrq3J');
insert into parents (parent_id, first_name, last_name, email, password) values (82, 'Griffin', 'Enrdigo', 'genrdigo29@infoseek.co.jp', 'n7Ir2G8qAgpg');
insert into parents (parent_id, first_name, last_name, email, password) values (83, 'Brantley', 'Leathwood', 'bleathwood2a@fda.gov', 'TuHXdI21');
insert into parents (parent_id, first_name, last_name, email, password) values (84, 'Mayne', 'Swigg', 'mswigg2b@smugmug.com', 'f6tnyxoD6');
insert into parents (parent_id, first_name, last_name, email, password) values (85, 'Romy', 'Isley', 'risley2c@ucsd.edu', '934VUTae');
insert into parents (parent_id, first_name, last_name, email, password) values (86, 'Issie', 'Broschek', 'ibroschek2d@clickbank.net', 'akhbOIOv4DV');
insert into parents (parent_id, first_name, last_name, email, password) values (87, 'Stanton', 'Bernette', 'sbernette2e@delicious.com', 'D2oC7nGF7ltx');
insert into parents (parent_id, first_name, last_name, email, password) values (88, 'Patrick', 'Beggio', 'pbeggio2f@youtu.be', 'UZ2TRN0595');
insert into parents (parent_id, first_name, last_name, email, password) values (89, 'Patric', 'Sherwen', 'psherwen2g@who.int', 'DcxZ3LEt5');
insert into parents (parent_id, first_name, last_name, email, password) values (90, 'Ferne', 'Rolston', 'frolston2h@cdc.gov', 'MJu53c7GxqW2');
insert into parents (parent_id, first_name, last_name, email, password) values (91, 'Peta', 'Hayer', 'phayer2i@scientificamerican.com', 'vGkhV2');
insert into parents (parent_id, first_name, last_name, email, password) values (92, 'Torre', 'Sheffield', 'tsheffield2j@oracle.com', '0hbimtW');
insert into parents (parent_id, first_name, last_name, email, password) values (93, 'Tabbi', 'Bellino', 'tbellino2k@google.co.uk', 'PQPe9Wim');
insert into parents (parent_id, first_name, last_name, email, password) values (94, 'Hedwig', 'Dearlove', 'hdearlove2l@shutterfly.com', 'y2LeT7J');
insert into parents (parent_id, first_name, last_name, email, password) values (95, 'Halimeda', 'Gibben', 'hgibben2m@google.it', '9vFIAZube8r');
insert into parents (parent_id, first_name, last_name, email, password) values (96, 'Cosette', 'Inker', 'cinker2n@hostgator.com', 'jevtKzn');
insert into parents (parent_id, first_name, last_name, email, password) values (97, 'Tallia', 'Lauritsen', 'tlauritsen2o@cnet.com', 'Wg3CNAmi');
insert into parents (parent_id, first_name, last_name, email, password) values (98, 'Tamiko', 'Beville', 'tbeville2p@pen.io', 'ArLvlEyPCN');
insert into parents (parent_id, first_name, last_name, email, password) values (99, 'Alastair', 'Sterricks', 'asterricks2q@sakura.ne.jp', 'fRji2wj');
insert into parents (parent_id, first_name, last_name, email, password) values (100, 'Traci', 'Pinyon', 'tpinyon2r@skyrock.com', 'g1ZfbSuB');
 

create table appointment (
	doula_ID INT,
	parent_ID INT,
	appt_ID SERIAL PRIMARY KEY,
	appointment_date DATE,
	appointment_time VARCHAR(50)
);
insert into appointment (doula_ID, parent_ID, appt_ID, appointment_date, appointment_time) values (1, 1, 1, '2020-05-27 14:02:20', '3:44 AM');
insert into appointment (doula_ID, parent_ID, appt_ID, appointment_date, appointment_time) values (2, 2, 2, '2021-05-30 23:47:39', '3:07 PM');
insert into appointment (doula_ID, parent_ID, appt_ID, appointment_date, appointment_time) values (3, 3, 3, '2021-01-19 02:29:23', '12:56 PM');
insert into appointment (doula_ID, parent_ID, appt_ID, appointment_date, appointment_time) values (4, 4, 4, '2020-05-16 08:28:30', '5:38 AM');
insert into appointment (doula_ID, parent_ID, appt_ID, appointment_date, appointment_time) values (5, 5, 5, '2020-09-18 19:41:03', '6:20 AM');
insert into appointment (doula_ID, parent_ID, appt_ID, appointment_date, appointment_time) values (6, 6, 6, '2021-03-17 22:19:35', '6:11 PM');
insert into appointment (doula_ID, parent_ID, appt_ID, appointment_date, appointment_time) values (7, 7, 7, '2021-01-02 06:14:17', '3:05 PM');
insert into appointment (doula_ID, parent_ID, appt_ID, appointment_date, appointment_time) values (8, 8, 8, '2021-03-11 12:17:22', '3:05 PM');
insert into appointment (doula_ID, parent_ID, appt_ID, appointment_date, appointment_time) values (9, 9, 9, '2020-12-08 23:11:33', '9:40 AM');
insert into appointment (doula_ID, parent_ID, appt_ID, appointment_date, appointment_time) values (10, 10, 10, '2020-11-17 02:21:54', '9:14 AM');
insert into appointment (doula_ID, parent_ID, appt_ID, appointment_date, appointment_time) values (11, 11, 11, '2020-11-30 00:28:22', '2:41 PM');
insert into appointment (doula_ID, parent_ID, appt_ID, appointment_date, appointment_time) values (12, 12, 12, '2021-03-18 08:58:40', '4:33 AM');
insert into appointment (doula_ID, parent_ID, appt_ID, appointment_date, appointment_time) values (13, 13, 13, '2020-11-13 06:57:55', '6:05 PM');
insert into appointment (doula_ID, parent_ID, appt_ID, appointment_date, appointment_time) values (14, 14, 14, '2021-02-10 09:36:49', '3:12 AM');
insert into appointment (doula_ID, parent_ID, appt_ID, appointment_date, appointment_time) values (15, 15, 15, '2020-12-08 15:08:30', '11:14 AM');
insert into appointment (doula_ID, parent_ID, appt_ID, appointment_date, appointment_time) values (16, 16, 16, '2021-06-09 08:30:34', '12:19 AM');
insert into appointment (doula_ID, parent_ID, appt_ID, appointment_date, appointment_time) values (17, 17, 17, '2020-09-28 18:31:52', '3:06 PM');
insert into appointment (doula_ID, parent_ID, appt_ID, appointment_date, appointment_time) values (18, 18, 18, '2021-03-26 10:59:47', '4:24 PM');
insert into appointment (doula_ID, parent_ID, appt_ID, appointment_date, appointment_time) values (19, 19, 19, '2020-06-05 15:18:50', '11:31 AM');
insert into appointment (doula_ID, parent_ID, appt_ID, appointment_date, appointment_time) values (20, 20, 20, '2020-12-25 14:54:36', '12:36 PM');
insert into appointment (doula_ID, parent_ID, appt_ID, appointment_date, appointment_time) values (21, 21, 21, '2020-08-06 04:18:20', '11:19 AM');
insert into appointment (doula_ID, parent_ID, appt_ID, appointment_date, appointment_time) values (22, 22, 22, '2020-05-21 12:06:31', '8:27 AM');
insert into appointment (doula_ID, parent_ID, appt_ID, appointment_date, appointment_time) values (23, 23, 23, '2021-03-10 14:25:38', '9:45 AM');
insert into appointment (doula_ID, parent_ID, appt_ID, appointment_date, appointment_time) values (24, 24, 24, '2020-07-27 08:41:39', '7:05 AM');
insert into appointment (doula_ID, parent_ID, appt_ID, appointment_date, appointment_time) values (25, 25, 25, '2020-06-12 10:11:04', '2:09 PM');
insert into appointment (doula_ID, parent_ID, appt_ID, appointment_date, appointment_time) values (26, 26, 26, '2021-01-03 05:05:32', '1:33 AM');
insert into appointment (doula_ID, parent_ID, appt_ID, appointment_date, appointment_time) values (27, 27, 27, '2020-10-16 04:44:25', '3:02 AM');
insert into appointment (doula_ID, parent_ID, appt_ID, appointment_date, appointment_time) values (28, 28, 28, '2021-06-14 04:31:36', '12:05 PM');
insert into appointment (doula_ID, parent_ID, appt_ID, appointment_date, appointment_time) values (29, 29, 29, '2021-04-10 17:16:49', '4:30 PM');
insert into appointment (doula_ID, parent_ID, appt_ID, appointment_date, appointment_time) values (30, 30, 30, '2020-12-15 11:39:07', '12:15 AM');
insert into appointment (doula_ID, parent_ID, appt_ID, appointment_date, appointment_time) values (31, 31, 31, '2020-11-17 00:44:01', '12:13 AM');
insert into appointment (doula_ID, parent_ID, appt_ID, appointment_date, appointment_time) values (32, 32, 32, '2020-05-12 14:42:41', '2:22 AM');
insert into appointment (doula_ID, parent_ID, appt_ID, appointment_date, appointment_time) values (33, 33, 33, '2020-12-21 18:54:01', '12:44 PM');
insert into appointment (doula_ID, parent_ID, appt_ID, appointment_date, appointment_time) values (34, 34, 34, '2021-01-10 18:10:23', '10:52 AM');
insert into appointment (doula_ID, parent_ID, appt_ID, appointment_date, appointment_time) values (35, 35, 35, '2021-01-03 18:20:59', '10:24 AM');
insert into appointment (doula_ID, parent_ID, appt_ID, appointment_date, appointment_time) values (36, 36, 36, '2020-06-18 02:40:34', '4:46 AM');
insert into appointment (doula_ID, parent_ID, appt_ID, appointment_date, appointment_time) values (37, 37, 37, '2021-05-29 09:08:20', '3:22 PM');
insert into appointment (doula_ID, parent_ID, appt_ID, appointment_date, appointment_time) values (38, 38, 38, '2020-07-27 13:38:29', '8:29 AM');
insert into appointment (doula_ID, parent_ID, appt_ID, appointment_date, appointment_time) values (39, 39, 39, '2021-06-04 16:16:57', '6:07 AM');
insert into appointment (doula_ID, parent_ID, appt_ID, appointment_date, appointment_time) values (40, 40, 40, '2021-03-27 17:17:43', '2:44 PM');
insert into appointment (doula_ID, parent_ID, appt_ID, appointment_date, appointment_time) values (41, 41, 41, '2020-08-14 12:26:10', '1:42 AM');
insert into appointment (doula_ID, parent_ID, appt_ID, appointment_date, appointment_time) values (42, 42, 42, '2021-05-07 01:26:22', '2:07 AM');
insert into appointment (doula_ID, parent_ID, appt_ID, appointment_date, appointment_time) values (43, 43, 43, '2021-06-20 20:38:44', '7:25 AM');
insert into appointment (doula_ID, parent_ID, appt_ID, appointment_date, appointment_time) values (44, 44, 44, '2021-05-12 17:23:37', '8:15 AM');
insert into appointment (doula_ID, parent_ID, appt_ID, appointment_date, appointment_time) values (45, 45, 45, '2020-07-01 22:07:33', '9:04 AM');
insert into appointment (doula_ID, parent_ID, appt_ID, appointment_date, appointment_time) values (46, 46, 46, '2020-12-30 09:45:23', '1:13 AM');
insert into appointment (doula_ID, parent_ID, appt_ID, appointment_date, appointment_time) values (47, 47, 47, '2021-02-05 22:43:18', '5:16 AM');
insert into appointment (doula_ID, parent_ID, appt_ID, appointment_date, appointment_time) values (48, 48, 48, '2020-11-24 19:45:13', '12:40 PM');
insert into appointment (doula_ID, parent_ID, appt_ID, appointment_date, appointment_time) values (49, 49, 49, '2021-02-04 04:34:09', '2:51 PM');
insert into appointment (doula_ID, parent_ID, appt_ID, appointment_date, appointment_time) values (50, 50, 50, '2020-12-04 17:06:34', '12:25 AM');
insert into appointment (doula_ID, parent_ID, appt_ID, appointment_date, appointment_time) values (51, 51, 51, '2021-04-28 04:44:16', '12:49 PM');
insert into appointment (doula_ID, parent_ID, appt_ID, appointment_date, appointment_time) values (52, 52, 52, '2021-06-23 12:22:00', '1:18 PM');
insert into appointment (doula_ID, parent_ID, appt_ID, appointment_date, appointment_time) values (53, 53, 53, '2020-09-26 19:40:39', '1:15 AM');
insert into appointment (doula_ID, parent_ID, appt_ID, appointment_date, appointment_time) values (54, 54, 54, '2020-10-26 05:53:49', '10:10 AM');
insert into appointment (doula_ID, parent_ID, appt_ID, appointment_date, appointment_time) values (55, 55, 55, '2021-04-05 14:08:00', '3:31 AM');
insert into appointment (doula_ID, parent_ID, appt_ID, appointment_date, appointment_time) values (56, 56, 56, '2021-03-18 01:55:20', '4:56 PM');
insert into appointment (doula_ID, parent_ID, appt_ID, appointment_date, appointment_time) values (57, 57, 57, '2020-09-19 15:24:52', '4:39 PM');
insert into appointment (doula_ID, parent_ID, appt_ID, appointment_date, appointment_time) values (58, 58, 58, '2020-12-13 00:24:15', '1:42 PM');
insert into appointment (doula_ID, parent_ID, appt_ID, appointment_date, appointment_time) values (59, 59, 59, '2021-04-07 07:38:08', '6:41 AM');
insert into appointment (doula_ID, parent_ID, appt_ID, appointment_date, appointment_time) values (60, 60, 60, '2020-07-06 23:49:09', '4:47 AM');
insert into appointment (doula_ID, parent_ID, appt_ID, appointment_date, appointment_time) values (61, 61, 61, '2021-05-16 00:30:52', '9:12 AM');
insert into appointment (doula_ID, parent_ID, appt_ID, appointment_date, appointment_time) values (62, 62, 62, '2020-12-29 14:57:37', '7:52 AM');
insert into appointment (doula_ID, parent_ID, appt_ID, appointment_date, appointment_time) values (63, 63, 63, '2020-12-29 05:30:37', '3:43 PM');
insert into appointment (doula_ID, parent_ID, appt_ID, appointment_date, appointment_time) values (64, 64, 64, '2021-02-22 04:02:46', '2:13 AM');
insert into appointment (doula_ID, parent_ID, appt_ID, appointment_date, appointment_time) values (65, 65, 65, '2020-07-25 04:15:52', '6:21 PM');
insert into appointment (doula_ID, parent_ID, appt_ID, appointment_date, appointment_time) values (66, 66, 66, '2020-11-18 23:43:26', '9:22 AM');
insert into appointment (doula_ID, parent_ID, appt_ID, appointment_date, appointment_time) values (67, 67, 67, '2020-12-16 14:05:37', '4:27 PM');
insert into appointment (doula_ID, parent_ID, appt_ID, appointment_date, appointment_time) values (68, 68, 68, '2020-07-10 12:04:33', '12:12 PM');
insert into appointment (doula_ID, parent_ID, appt_ID, appointment_date, appointment_time) values (69, 69, 69, '2020-09-10 12:35:19', '3:06 PM');
insert into appointment (doula_ID, parent_ID, appt_ID, appointment_date, appointment_time) values (70, 70, 70, '2021-04-12 19:11:52', '4:49 PM');
insert into appointment (doula_ID, parent_ID, appt_ID, appointment_date, appointment_time) values (71, 71, 71, '2021-06-27 23:44:11', '3:24 AM');
insert into appointment (doula_ID, parent_ID, appt_ID, appointment_date, appointment_time) values (72, 72, 72, '2021-01-30 10:57:41', '1:25 AM');
insert into appointment (doula_ID, parent_ID, appt_ID, appointment_date, appointment_time) values (73, 73, 73, '2020-11-22 12:10:21', '7:10 AM');
insert into appointment (doula_ID, parent_ID, appt_ID, appointment_date, appointment_time) values (74, 74, 74, '2020-07-26 12:47:09', '5:05 PM');
insert into appointment (doula_ID, parent_ID, appt_ID, appointment_date, appointment_time) values (75, 75, 75, '2020-11-29 02:26:08', '10:29 AM');
insert into appointment (doula_ID, parent_ID, appt_ID, appointment_date, appointment_time) values (76, 76, 76, '2020-08-04 01:55:03', '1:11 PM');
insert into appointment (doula_ID, parent_ID, appt_ID, appointment_date, appointment_time) values (77, 77, 77, '2021-01-07 14:46:07', '5:36 AM');
insert into appointment (doula_ID, parent_ID, appt_ID, appointment_date, appointment_time) values (78, 78, 78, '2020-11-11 04:22:23', '6:43 AM');
insert into appointment (doula_ID, parent_ID, appt_ID, appointment_date, appointment_time) values (79, 79, 79, '2021-04-30 20:51:56', '3:31 AM');
insert into appointment (doula_ID, parent_ID, appt_ID, appointment_date, appointment_time) values (80, 80, 80, '2020-10-30 07:33:36', '1:18 AM');
insert into appointment (doula_ID, parent_ID, appt_ID, appointment_date, appointment_time) values (81, 81, 81, '2021-05-18 13:54:34', '2:04 PM');
insert into appointment (doula_ID, parent_ID, appt_ID, appointment_date, appointment_time) values (82, 82, 82, '2021-01-10 10:18:40', '12:38 AM');
insert into appointment (doula_ID, parent_ID, appt_ID, appointment_date, appointment_time) values (83, 83, 83, '2020-10-27 14:58:50', '12:46 AM');
insert into appointment (doula_ID, parent_ID, appt_ID, appointment_date, appointment_time) values (84, 84, 84, '2021-02-12 12:41:50', '5:57 AM');
insert into appointment (doula_ID, parent_ID, appt_ID, appointment_date, appointment_time) values (85, 85, 85, '2020-07-20 14:49:05', '8:53 AM');
insert into appointment (doula_ID, parent_ID, appt_ID, appointment_date, appointment_time) values (86, 86, 86, '2020-09-22 12:03:09', '8:39 AM');
insert into appointment (doula_ID, parent_ID, appt_ID, appointment_date, appointment_time) values (87, 87, 87, '2021-06-21 04:28:41', '1:14 AM');
insert into appointment (doula_ID, parent_ID, appt_ID, appointment_date, appointment_time) values (88, 88, 88, '2020-09-19 19:24:02', '5:35 PM');
insert into appointment (doula_ID, parent_ID, appt_ID, appointment_date, appointment_time) values (89, 89, 89, '2020-05-26 23:11:13', '4:53 AM');
insert into appointment (doula_ID, parent_ID, appt_ID, appointment_date, appointment_time) values (90, 90, 90, '2021-01-22 06:05:15', '10:29 AM');
insert into appointment (doula_ID, parent_ID, appt_ID, appointment_date, appointment_time) values (91, 91, 91, '2020-05-15 23:49:59', '10:22 AM');
insert into appointment (doula_ID, parent_ID, appt_ID, appointment_date, appointment_time) values (92, 92, 92, '2020-12-04 12:07:48', '12:56 AM');
insert into appointment (doula_ID, parent_ID, appt_ID, appointment_date, appointment_time) values (93, 93, 93, '2020-05-25 07:40:02', '2:45 AM');
insert into appointment (doula_ID, parent_ID, appt_ID, appointment_date, appointment_time) values (94, 94, 94, '2020-08-08 00:21:13', '3:33 AM');
insert into appointment (doula_ID, parent_ID, appt_ID, appointment_date, appointment_time) values (95, 95, 95, '2021-01-22 14:24:29', '1:27 AM');
insert into appointment (doula_ID, parent_ID, appt_ID, appointment_date, appointment_time) values (96, 96, 96, '2020-08-06 19:30:24', '1:36 AM');
insert into appointment (doula_ID, parent_ID, appt_ID, appointment_date, appointment_time) values (97, 97, 97, '2021-06-02 11:33:52', '5:36 AM');
insert into appointment (doula_ID, parent_ID, appt_ID, appointment_date, appointment_time) values (98, 98, 98, '2020-06-17 07:59:39', '4:02 AM');
insert into appointment (doula_ID, parent_ID, appt_ID, appointment_date, appointment_time) values (99, 99, 99, '2020-09-11 16:12:15', '3:19 AM');
insert into appointment (doula_ID, parent_ID, appt_ID, appointment_date, appointment_time) values (100, 100, 100, '2021-02-05 05:46:00', '6:08 PM');

 